First Name,Last Name,Email
Dukul 1,Howlader 1,dukul.howlader30@gmail.com
Dukul 2,Howlader 2,dukul.howlader30@gmail.com
Dukul 3,Howlader 3,dukul.howlader30@gmail.com
Dukul 4,Howlader 4,dukul.howlader30@gmail.com
Dukul 5,Howlader 5,dukul.howlader30@gmail.com
Dukul 6,Howlader 6,dukul.howlader30@gmail.com
Dukul 7,Howlader 7,dukul.howlader30@gmail.com
Dukul 8,Howlader 8,dukul.howlader30@gmail.com
Dukul 9,Howlader 9,dukul.howlader30@gmail.com
Dukul 10,Howlader 10,dukul.howlader30@gmail.com
Dukul 11,Howlader 11,dukul.howlader30@gmail.com
Dukul 12,Howlader 12,dukul.howlader30@gmail.com
Dukul 13,Howlader 13,dukul.howlader30@gmail.com
Dukul 14,Howlader 14,dukul.howlader30@gmail.com
Dukul 15,Howlader 15,dukul.howlader30@gmail.com
Dukul 16,Howlader 16,dukul.howlader30@gmail.com
Dukul 17,Howlader 17,dukul.howlader30@gmail.com
Dukul 18,Howlader 18,dukul.howlader30@gmail.com
Dukul 19,Howlader 19,dukul.howlader30@gmail.com
Dukul 20,Howlader 20,dukul.howlader30@gmail.com
Dukul 21,Howlader 21,dukul.howlader30@gmail.com
Dukul 22,Howlader 22,dukul.howlader30@gmail.com
Dukul 23,Howlader 23,dukul.howlader30@gmail.com
